Voucher Code,Status,Service,Duration,Price (Kč),Recipient Name,Recipient Email,Recipient Phone,Personal Message,Date Created,Expiry Date,Payment Method,Payment Status
C26-030A7K,Available,,,,,,,,,,,
C26-030B3Q,Available,,,,,,,,,,,
C26-030C9M,Available,,,,,,,,,,,
C26-030D5X,Available,,,,,,,,,,,
C26-030E1F,Available,,,,,,,,,,,
C26-030F8H,Available,,,,,,,,,,,
C26-030G4R,Available,,,,,,,,,,,
C26-030H6P,Available,,,,,,,,,,,
C26-030J2W,Available,,,,,,,,,,,
C26-030K9A,Available,,,,,,,,,,,
C26-030L5D,Available,,,,,,,,,,,
C26-030M3V,Available,,,,,,,,,,,
C26-030N7E,Available,,,,,,,,,,,
C26-030P1S,Available,,,,,,,,,,,
C26-030Q8T,Available,,,,,,,,,,,
C26-030R4Y,Available,,,,,,,,,,,
C26-030S6B,Available,,,,,,,,,,,
C26-030T2N,Available,,,,,,,,,,,
C26-030U9C,Available,,,,,,,,,,,
C26-030V5G,Available,,,,,,,,,,,
C26-030W3L,Available,,,,,,,,,,,
C26-030X7J,Available,,,,,,,,,,,
C26-030Y1Z,Available,,,,,,,,,,,
C26-030Z4H,Available,,,,,,,,,,,
C26-030A8R,Available,,,,,,,,,,,
C26-031B6M,Available,,,,,,,,,,,
C26-031C2K,Available,,,,,,,,,,,
C26-031D9F,Available,,,,,,,,,,,
C26-031E5Q,Available,,,,,,,,,,,
C26-031F3X,Available,,,,,,,,,,,
C26-031G7A,Available,,,,,,,,,,,
C26-031H1P,Available,,,,,,,,,,,
C26-031J4W,Available,,,,,,,,,,,
C26-031K8D,Available,,,,,,,,,,,
C26-031L2S,Available,,,,,,,,,,,
C26-031M6T,Available,,,,,,,,,,,
C26-031N3Y,Available,,,,,,,,,,,
C26-031P9B,Available,,,,,,,,,,,
C26-031Q5N,Available,,,,,,,,,,,
C26-031R1C,Available,,,,,,,,,,,
C26-031S7G,Available,,,,,,,,,,,
C26-031T4L,Available,,,,,,,,,,,
C26-031U8J,Available,,,,,,,,,,,
C26-031V2Z,Available,,,,,,,,,,,
C26-031W6H,Available,,,,,,,,,,,
C26-031X3R,Available,,,,,,,,,,,
C26-031Y9M,Available,,,,,,,,,,,
C26-031Z5K,Available,,,,,,,,,,,
C26-031A1F,Available,,,,,,,,,,,
C26-031B8Q,Available,,,,,,,,,,,
C26-032C4X,Available,,,,,,,,,,,
C26-032D7A,Available,,,,,,,,,,,
C26-032E3P,Available,,,,,,,,,,,
C26-032F9W,Available,,,,,,,,,,,
C26-032G5D,Available,,,,,,,,,,,
C26-032H1S,Available,,,,,,,,,,,
C26-032J6T,Available,,,,,,,,,,,
C26-032K2Y,Available,,,,,,,,,,,
C26-032L8B,Available,,,,,,,,,,,
C26-032M4N,Available,,,,,,,,,,,
C26-032N9C,Available,,,,,,,,,,,
C26-032P5G,Available,,,,,,,,,,,
C26-032Q1L,Available,,,,,,,,,,,
C26-032R7J,Available,,,,,,,,,,,
C26-032S3Z,Available,,,,,,,,,,,
C26-032T8H,Available,,,,,,,,,,,
C26-032U4R,Available,,,,,,,,,,,
C26-032V9M,Available,,,,,,,,,,,
C26-032W5K,Available,,,,,,,,,,,
C26-032X1F,Available,,,,,,,,,,,
C26-032Y6Q,Available,,,,,,,,,,,
C26-032Z2X,Available,,,,,,,,,,,
C26-032A7A,Available,,,,,,,,,,,
C26-032B3P,Available,,,,,,,,,,,
C26-032C9W,Available,,,,,,,,,,,
C26-033D5D,Available,,,,,,,,,,,
C26-033E1S,Available,,,,,,,,,,,
C26-033F6T,Available,,,,,,,,,,,
C26-033G2Y,Available,,,,,,,,,,,
C26-033H8B,Available,,,,,,,,,,,
C26-033J4N,Available,,,,,,,,,,,
C26-033K9C,Available,,,,,,,,,,,
C26-033L5G,Available,,,,,,,,,,,
C26-033M1L,Available,,,,,,,,,,,
C26-033N7J,Available,,,,,,,,,,,
C26-033P3Z,Available,,,,,,,,,,,
C26-033Q8H,Available,,,,,,,,,,,
C26-033R4R,Available,,,,,,,,,,,
C26-033S9M,Available,,,,,,,,,,,
C26-033T5K,Available,,,,,,,,,,,
C26-033U1F,Available,,,,,,,,,,,
C26-033V6Q,Available,,,,,,,,,,,
C26-033W2X,Available,,,,,,,,,,,
C26-033X7A,Available,,,,,,,,,,,
C26-033Y3P,Available,,,,,,,,,,,
C26-033Z9W,Available,,,,,,,,,,,
C26-033A5D,Available,,,,,,,,,,,
C26-033B1S,Available,,,,,,,,,,,
C26-033C6T,Available,,,,,,,,,,,
C26-033D2Y,Available,,,,,,,,,,,
C26-034E8B,Available,,,,,,,,,,,
C26-034F4N,Available,,,,,,,,,,,
C26-034G9C,Available,,,,,,,,,,,
C26-034H5G,Available,,,,,,,,,,,
C26-034J1L,Available,,,,,,,,,,,
C26-034K7J,Available,,,,,,,,,,,
C26-034L3Z,Available,,,,,,,,,,,
C26-034M8H,Available,,,,,,,,,,,
C26-034N4R,Available,,,,,,,,,,,
C26-034P9M,Available,,,,,,,,,,,
C26-034Q5K,Available,,,,,,,,,,,
C26-034R1F,Available,,,,,,,,,,,
C26-034S6Q,Available,,,,,,,,,,,
C26-034T2X,Available,,,,,,,,,,,
C26-034U7A,Available,,,,,,,,,,,
C26-034V3P,Available,,,,,,,,,,,
C26-034W9W,Available,,,,,,,,,,,
C26-034X5D,Available,,,,,,,,,,,
C26-034Y1S,Available,,,,,,,,,,,
C26-034Z6T,Available,,,,,,,,,,,
C26-034A2Y,Available,,,,,,,,,,,
C26-034B8B,Available,,,,,,,,,,,
C26-034C4N,Available,,,,,,,,,,,
C26-034D9C,Available,,,,,,,,,,,
C26-034E5G,Available,,,,,,,,,,,
